id,name,category,price,features,rating,stock_status,description
HP01,SoundMax Wireless,Headphones,79.99,"wireless, active noise cancellation, mic",4.5,In Stock,"Comfortable over-ear ANC headphones."
HP02,AudioPro Studio,Headphones,129.99,"wired, studio monitoring, high fidelity",4.8,In Stock,"Professional grade wired studio monitor headphones."
HP03,BudgetBeats Lite,Headphones,29.99,"wireless, lightweight, long battery",4.0,In Stock,"Affordable everyday wireless earbuds."
HP04,SportFit X,Headphones,49.99,"wireless, sweat-resistant, secure fit",4.3,In Stock,"Designed for intense workouts and running."
HP05,GamerZone Pro,Headphones,99.99,"wired, rgb, surround sound, mic",4.6,In Stock,"Immersive gaming headset with retractable microphone."
HP06,PureSound ANC,Headphones,149.99,"wireless, active noise cancellation, high fidelity, mic",4.7,In Stock,"Premium sound quality with advanced hybrid ANC."
HP07,MegaBass Go,Headphones,39.99,"wireless, deep bass, lightweight",4.2,Out of Stock,"Punchy bass and ultra-light design."
HP08,Traveler Silence,Headphones,119.99,"wireless, active noise cancellation, long battery",4.4,In Stock,"Built for long-haul flights and travel comfort."
HP09,Podcast Master,Headphones,59.99,"wired, clear vocals, lightweight, mic",4.1,In Stock,"Optimized for voice clarity and podcasting."
HP10,UltraBuds Mini,Headphones,89.99,"wireless, active noise cancellation, waterproof",4.5,In Stock,"Compact waterproof earbuds with ANC."
HP11,UrbanGroove Pods,Headphones,45.00,"wireless, stylish, compact, mic",4.2,In Stock,"Trendy wireless earbuds for daily commutes."
HP12,Titanium Bass Pro,Headphones,109.99,"wireless, deep bass, heavy duty, mic",4.6,In Stock,"Heavy-duty bass heavy headphones with long charge."
HP13,ExecSilence Elite,Headphones,199.99,"wireless, active noise cancellation, leather, mic",4.9,In Stock,"Executive luxury noise cancelling headphones."
HP14,RunnerLite Earphones,Headphones,24.99,"wireless, lightweight, waterproof",3.9,In Stock,"Basic waterproof running earbuds."
HP15,Streamer Pro Headset,Headphones,84.99,"wired, rgb, high fidelity, mic",4.4,In Stock,"Great lighting and clean mic for live streaming."
HP16,Classic HiFi Wired,Headphones,69.99,"wired, vintage design, high fidelity",4.5,In Stock,"Retro-styled high fidelity wired headphones."
HP17,CloudComfort Max,Headphones,134.99,"wireless, memory foam, active noise cancellation",4.7,In Stock,"Ultra soft memory foam cushions for all-day wear."
HP18,SoundWave Sport,Headphones,55.00,"wireless, secure fit, sweat-resistant, mic",4.3,In Stock,"Secure ear-hook design for active athletes."
HP19,Budget ANC Plus,Headphones,49.99,"wireless, active noise cancellation, budget",4.1,In Stock,"Inexpensive ANC for budget-conscious buyers."
HP20,NightOwl Sleeper,Headphones,34.99,"wireless, ultra-thin, comfortable for sleeping",4.2,In Stock,"Soft headband style headphones for sleeping."
HP21,AcousticMaster DJ,Headphones,159.99,"wired, dj monitoring, high fidelity, swivel",4.8,In Stock,"Swiveling earcups designed for professional DJs."
HP22,OmniSound 360,Headphones,115.00,"wireless, spatial audio, mic",4.6,In Stock,"Immersive spatial audio experience."
HP23,KidSafe VolumeLimiter,Headphones,19.99,"wired, volume limited, durable, lightweight",4.4,In Stock,"Safe capped volume for children's ears."
HP24,MetroBeats Wireless,Headphones,64.99,"wireless, sleek, balanced sound, mic",4.3,In Stock,"Balanced everyday sound profile."
HP25,Apex NoiseGuard,Headphones,179.99,"wireless, industrial ANC, long battery",4.8,In Stock,"Industrial-strength noise isolation."
HP26,NeonGlow Gamer,Headphones,74.99,"wired, rgb, gaming, mic",4.2,In Stock,"Budget-friendly RGB gaming headset."
HP27,PureVocal Office,Headphones,49.99,"wired, crystal clear mic, lightweight",4.3,In Stock,"Dedicated office headset for conference calls."
HP28,TitanBass Wireless,Headphones,94.99,"wireless, deep bass, waterproof, mic",4.5,In Stock,"Rugged bass-heavy waterproof headphones."
HP29,Zenith HiFi Open,Headphones,189.99,"wired, open-back, audiophile grade",4.9,In Stock,"Open-back natural soundstage for audiophiles."
HP30,SwiftCharge Buds,Headphones,69.99,"wireless, fast charging, compact, mic",4.4,In Stock,"10-minute charge gives 3 hours of playback."
HP31,EcoSound Bamboo,Headphones,79.99,"wireless, eco-friendly materials, mic",4.3,In Stock,"Crafted from sustainable bamboo and recycled plastics."
HP32,Solitary Silence,Headphones,139.99,"wireless, active noise cancellation, dual mic",4.6,In Stock,"Dual microphones for crystal clear phone calls in wind."
HP33,Basic Wired Pods,Headphones,12.99,"wired, lightweight, inline mic",3.8,In Stock,"Simple wired earbuds with a basic inline microphone."
HP34,HyperStream Pro,Headphones,125.00,"wireless, low latency, gaming, mic",4.7,In Stock,"Ultra-low latency wireless dongle included."
HP35,Summit Trail ANC,Headphones,155.00,"wireless, active noise cancellation, rugged",4.5,In Stock,"Weather-sealed outdoor ANC headphones."
HP36,PocketBeats Mini,Headphones,27.99,"wireless, ultra-compact case",4.0,In Stock,"Tiny pocket charging case."
HP37,Harmony Studio Wired,Headphones,95.00,"wired, studio monitoring, detachable cable",4.6,In Stock,"Detachable braided cable studio monitor."
HP38,NovaSport Wireless,Headphones,59.99,"wireless, sweat-resistant, secure fit, mic",4.4,In Stock,"Secure wingtips for high-impact sports."
HP39,Legacy Vintage,Headphones,110.00,"wired, brass accents, high fidelity",4.4,In Stock,"Vintage brass styling with modern acoustic drivers."
HP40,Ultimate SoundScape,Headphones,200.00,"wireless, active noise cancellation, spatial audio, mic",5.0,In Stock,"The ultimate flagship multi-feature headphones."